Condition,StudentId,Session,Measure,Score
AY,18,Pre,JaccardSimilarity,0.0
AY,18,Pre,CosineSimilarity,0
AY,80,T1,JaccardSimilarity,0.06790123456790123
AY,80,T1,CosineSimilarity,0.04703096453069084
AY,107,T4,JaccardSimilarity,0.09444444444444444
AY,107,T4,CosineSimilarity,0.044297413709718236
AY,89,T6,JaccardSimilarity,0.12041884816753927
AY,89,T6,CosineSimilarity,0.10311508012803497
AY,103,T1,JaccardSimilarity,0.019736842105263157
AY,103,T1,CosineSimilarity,0.006878288981334663
AY,84,T4,JaccardSimilarity,0.12949640287769784
AY,84,T4,CosineSimilarity,0.09569162106554488
AY,41,T1,JaccardSimilarity,0.0
AY,41,T1,CosineSimilarity,0
AY,84,Pre,JaccardSimilarity,0.0
AY,84,Pre,CosineSimilarity,0
AY,34,T1,JaccardSimilarity,0.043010752688172046
AY,34,T1,CosineSimilarity,0.02857604993090618
AY,39,T3,JaccardSimilarity,0.014925373134328358
AY,39,T3,CosineSimilarity,0.0090040699982909
AY,30,T4,JaccardSimilarity,0.03125
AY,30,T4,CosineSimilarity,0.026816964353637902
AY,26,Pre,JaccardSimilarity,0.0
AY,26,Pre,CosineSimilarity,0
AY,41,IP,JaccardSimilarity,0.0
AY,41,IP,CosineSimilarity,0
AY,33,T3,JaccardSimilarity,0.023952095808383235
AY,33,T3,CosineSimilarity,0.0256345579584737
AY,63,DP2,JaccardSimilarity,0.11320754716981132
AY,63,DP2,CosineSimilarity,0.08731749886858349
AY,117,Pre,JaccardSimilarity,0.005988023952095809
AY,117,Pre,CosineSimilarity,0.0034616112108052095
AY,80,IP,JaccardSimilarity,0.0
AY,80,IP,CosineSimilarity,0
AY,15,DP,JaccardSimilarity,0.0
AY,15,DP,CosineSimilarity,0
AY,103,IP,JaccardSimilarity,0.0
AY,103,IP,CosineSimilarity,0
AY,104,T3,JaccardSimilarity,0.06741573033707865
AY,104,T3,CosineSimilarity,0.045418845810630534
AY,83,T6,JaccardSimilarity,0.10945273631840796
AY,83,T6,CosineSimilarity,0.06807386897119105
AY,123,DP2,JaccardSimilarity,0.09947643979057591
AY,123,DP2,CosineSimilarity,0.0692934920454709
AY,87,T3,JaccardSimilarity,0.025906735751295335
AY,87,T3,CosineSimilarity,0.01579372455676236
AY,34,IP,JaccardSimilarity,0.0
AY,34,IP,CosineSimilarity,0
AY,42,T6,JaccardSimilarity,0.11864406779661017
AY,42,T6,CosineSimilarity,0.10288340606752348
AY,122,DP,JaccardSimilarity,0.0
AY,122,DP,CosineSimilarity,0
AY,51,DP,JaccardSimilarity,0.0
AY,51,DP,CosineSimilarity,0
AY,135,T3,JaccardSimilarity,0.31543624161073824
AY,135,T3,CosineSimilarity,0.2901829840869425
AY,52,DP2,JaccardSimilarity,0.10714285714285714
AY,52,DP2,CosineSimilarity,0.10155753844303414
AY,77,T3,JaccardSimilarity,0.13043478260869565
AY,77,T3,CosineSimilarity,0.08416710945459083
AY,73,T6,JaccardSimilarity,0.21428571428571427
AY,73,T6,CosineSimilarity,0.1782950492743769
AY,112,DP2,JaccardSimilarity,0.02631578947368421
AY,112,DP2,CosineSimilarity,0.014937740254439454
AY,132,IP,JaccardSimilarity,0.0
AY,132,IP,CosineSimilarity,0
AY,24,DP,JaccardSimilarity,0.0
AY,24,DP,CosineSimilarity,0
AY,29,Pre,JaccardSimilarity,0.005494505494505495
AY,29,Pre,CosineSimilarity,0.0015203343765358083
AY,23,DP2,JaccardSimilarity,0.11363636363636363
AY,23,DP2,CosineSimilarity,0.08056806963428584
AY,132,T1,JaccardSimilarity,0.011627906976744186
AY,132,T1,CosineSimilarity,0.004743620773074956
AY,136,T4,JaccardSimilarity,0.10559006211180125
AY,136,T4,CosineSimilarity,0.07064856957594184
AY,74,T4,JaccardSimilarity,0.0759493670886076
AY,74,T4,CosineSimilarity,0.03442602657252364
AY,119,DP,JaccardSimilarity,0.0
AY,119,DP,CosineSimilarity,0
AY,79,T6,JaccardSimilarity,0.3219178082191781
AY,79,T6,CosineSimilarity,0.2710363298953502
AY,87,T1,JaccardSimilarity,0.03932584269662921
AY,87,T1,CosineSimilarity,0.01795530407829335
AY,83,T4,JaccardSimilarity,0.03225806451612903
AY,83,T4,CosineSimilarity,0.021806746877477204
AY,104,T1,JaccardSimilarity,0.01744186046511628
AY,104,T1,CosineSimilarity,0.009457404100489659
AY,39,IP,JaccardSimilarity,0.0
AY,39,IP,CosineSimilarity,0
AY,42,T4,JaccardSimilarity,0.08839779005524862
AY,42,T4,CosineSimilarity,0.056404658165423865
AY,30,DP2,JaccardSimilarity,0.03398058252427184
AY,30,DP2,CosineSimilarity,0.014149411667326079
AY,33,T1,JaccardSimilarity,0.007246376811594203
AY,33,T1,CosineSimilarity,0.009205047282731992
AY,6,DP,JaccardSimilarity,0.006944444444444444
AY,6,DP,CosineSimilarity,0.004795602504170572
AY,18,DP,JaccardSimilarity,0.0
AY,18,DP,CosineSimilarity,0
AY,92,DP2,JaccardSimilarity,0.01282051282051282
AY,92,DP2,CosineSimilarity,0.006750589900629791
AY,98,Pre,JaccardSimilarity,0.0
AY,98,Pre,CosineSimilarity,0
AY,41,DP2,JaccardSimilarity,0.0
AY,41,DP2,CosineSimilarity,0
AY,135,Pre,JaccardSimilarity,0.0
AY,135,Pre,CosineSimilarity,0
AY,30,T6,JaccardSimilarity,0.09595959595959595
AY,30,T6,CosineSimilarity,0.06113340040088696
AY,39,T1,JaccardSimilarity,0.028985507246376812
AY,39,T1,CosineSimilarity,0.011915804017522087
AY,34,T3,JaccardSimilarity,0.12745098039215685
AY,34,T3,CosineSimilarity,0.10795992050290341
AY,87,IP,JaccardSimilarity,0.0
AY,87,IP,CosineSimilarity,0
AY,104,IP,JaccardSimilarity,0.005747126436781609
AY,104,IP,CosineSimilarity,0.0035509432658027583
AY,84,T6,JaccardSimilarity,0.28
AY,84,T6,CosineSimilarity,0.2217742925481352
AY,103,T3,JaccardSimilarity,0.1242603550295858
AY,103,T3,CosineSimilarity,0.1000154758906201
AY,89,T4,JaccardSimilarity,0.08620689655172414
AY,89,T4,CosineSimilarity,0.04750991168005763
AY,107,T6,JaccardSimilarity,0.12041884816753927
AY,107,T6,CosineSimilarity,0.08508850580105082
AY,80,T3,JaccardSimilarity,0.05649717514124294
AY,80,T3,CosineSimilarity,0.0353512300330727
AY,33,IP,JaccardSimilarity,0.0
AY,33,IP,CosineSimilarity,0
AY,41,T3,JaccardSimilarity,0.0
AY,41,T3,CosineSimilarity,0
AY,101,DP2,JaccardSimilarity,0.0335195530726257
AY,101,DP2,CosineSimilarity,0.03142211685594558
AY,125,DP,JaccardSimilarity,0.0
AY,125,DP,CosineSimilarity,0
AY,104,Pre,JaccardSimilarity,0.0
AY,104,Pre,CosineSimilarity,0
AY,136,T6,JaccardSimilarity,0.15476190476190477
AY,136,T6,CosineSimilarity,0.11556974170946405
AY,56,DP,JaccardSimilarity,0.0
AY,56,DP,CosineSimilarity,0
AY,132,T3,JaccardSimilarity,0.015957446808510637
AY,132,T3,CosineSimilarity,0.007775075831879044
AY,79,T4,JaccardSimilarity,0.25
AY,79,T4,CosineSimilarity,0.19775599418734668
AY,114,DP,JaccardSimilarity,0.0
AY,114,DP,CosineSimilarity,0
AY,74,T6,JaccardSimilarity,0.10526315789473684
AY,74,T6,CosineSimilarity,0.053713683980813914
AY,97,DP,JaccardSimilarity,0.0
AY,97,DP,CosineSimilarity,0
AY,77,IP,JaccardSimilarity,0.0
AY,77,IP,CosineSimilarity,0
AY,135,IP,JaccardSimilarity,0.0
AY,135,IP,CosineSimilarity,0
AY,130,DP2,JaccardSimilarity,0.06060606060606061
AY,130,DP2,CosineSimilarity,0.05362729303414408
AY,23,DP,JaccardSimilarity,0.0
AY,23,DP,CosineSimilarity,0
AY,97,Pre,JaccardSimilarity,0.0
AY,97,Pre,CosineSimilarity,0
AY,4,Pre,JaccardSimilarity,0.0
AY,4,Pre,CosineSimilarity,0
AY,29,DP,JaccardSimilarity,0.006024096385542169
AY,29,DP,CosineSimilarity,0.003912477128223224
AY,135,T1,JaccardSimilarity,0.22916666666666666
AY,135,T1,CosineSimilarity,0.148379727834166
AY,35,Pre,JaccardSimilarity,0.0
AY,35,Pre,CosineSimilarity,0
AY,73,T4,JaccardSimilarity,0.2
AY,73,T4,CosineSimilarity,0.17507224928415088
AY,77,T1,JaccardSimilarity,0.028089887640449437
AY,77,T1,CosineSimilarity,0.01281550096428198
AY,87,T6,JaccardSimilarity,0.07804878048780488
AY,87,T6,CosineSimilarity,0.0521191457547108
AY,104,T6,JaccardSimilarity,0.14772727272727273
AY,104,T6,CosineSimilarity,0.10027775151982031
AY,83,T3,JaccardSimilarity,0.005747126436781609
AY,83,T3,CosineSimilarity,0.0019695357392209064
AY,30,IP,JaccardSimilarity,0.0
AY,30,IP,CosineSimilarity,0
AY,62,Pre,JaccardSimilarity,0.0
AY,62,Pre,CosineSimilarity,0
AY,42,T3,JaccardSimilarity,0.07065217391304347
AY,42,T3,CosineSimilarity,0.036954281628218115
AY,116,DP2,JaccardSimilarity,0.03296703296703297
AY,116,DP2,CosineSimilarity,0.01626046026105922
AY,68,DP2,JaccardSimilarity,0.0196078431372549
AY,68,DP2,CosineSimilarity,0.018687253067662356
AY,33,T6,JaccardSimilarity,0.11377245508982035
AY,33,T6,CosineSimilarity,0.10150308019161038
AY,56,DP2,JaccardSimilarity,0.03488372093023256
AY,56,DP2,CosineSimilarity,0.020520895563117918
AY,122,Pre,JaccardSimilarity,0.0
AY,122,Pre,CosineSimilarity,0
AY,84,IP,JaccardSimilarity,0.0
AY,84,IP,CosineSimilarity,0
AY,11,DP,JaccardSimilarity,0.0
AY,11,DP,CosineSimilarity,0
AY,107,IP,JaccardSimilarity,0.005847953216374269
AY,107,IP,CosineSimilarity,0.0038444003278364685
AY,19,DP2,JaccardSimilarity,0.036585365853658534
AY,19,DP2,CosineSimilarity,0.02111057846677976
AY,39,T6,JaccardSimilarity,0.025477707006369428
AY,39,T6,CosineSimilarity,0.01333002739296185
AY,30,T1,JaccardSimilarity,0.011764705882352941
AY,30,T1,CosineSimilarity,0.0071826006637742915
AY,13,Pre,JaccardSimilarity,0.0
AY,13,Pre,CosineSimilarity,0
AY,5,DP,JaccardSimilarity,0.0
AY,5,DP,CosineSimilarity,0
AY,34,T4,JaccardSimilarity,0.16
AY,34,T4,CosineSimilarity,0.14169650199674147
AY,85,DP2,JaccardSimilarity,0.010638297872340425
AY,85,DP2,CosineSimilarity,0.00852738106966575
AY,103,T4,JaccardSimilarity,0.21212121212121213
AY,103,T4,CosineSimilarity,0.16895681566763224
AY,84,T1,JaccardSimilarity,0.027210884353741496
AY,84,T1,CosineSimilarity,0.017945683574447986
AY,80,T4,JaccardSimilarity,0.11173184357541899
AY,80,T4,CosineSimilarity,0.0887903821079355
AY,107,T1,JaccardSimilarity,0.017341040462427744
AY,107,T1,CosineSimilarity,0.01053898349768372
AY,89,T3,JaccardSimilarity,0.0670391061452514
AY,89,T3,CosineSimilarity,0.052622127486071354
AY,41,T4,JaccardSimilarity,0.022727272727272728
AY,41,T4,CosineSimilarity,0.006983097211538398
AY,136,T1,JaccardSimilarity,0.029411764705882353
AY,136,T1,CosineSimilarity,0.018725128486042582
AY,132,T4,JaccardSimilarity,0.022988505747126436
AY,132,T4,CosineSimilarity,0.011917589810004948
AY,79,T3,JaccardSimilarity,0.16923076923076924
AY,79,T3,CosineSimilarity,0.1418067620295539
AY,74,T1,JaccardSimilarity,0.0064516129032258064
AY,74,T1,CosineSimilarity,0.002231884655060901
AY,80,Pre,JaccardSimilarity,0.0
AY,80,Pre,CosineSimilarity,0
AY,16,DP2,JaccardSimilarity,0.2689655172413793
AY,16,DP2,CosineSimilarity,0.20581564740979416
AY,74,IP,JaccardSimilarity,0.0
AY,74,IP,CosineSimilarity,0
AY,136,IP,JaccardSimilarity,0.0
AY,136,IP,CosineSimilarity,0
AY,127,DP2,JaccardSimilarity,0.024096385542168676
AY,127,DP2,CosineSimilarity,0.010493061674106356
AY,53,Pre,JaccardSimilarity,0.00625
AY,53,Pre,CosineSimilarity,0.002070186511734295
AY,20,DP,JaccardSimilarity,0.0
AY,20,DP,CosineSimilarity,0
AY,135,T6,JaccardSimilarity,0.5486111111111112
AY,135,T6,CosineSimilarity,0.5532339657634024
AY,119,DP2,JaccardSimilarity,0.09947643979057591
AY,119,DP2,CosineSimilarity,0.0719755122068539
AY,55,DP,JaccardSimilarity,0.0
AY,55,DP,CosineSimilarity,0
AY,73,T3,JaccardSimilarity,0.2215568862275449
AY,73,T3,CosineSimilarity,0.19563879012015375
AY,117,DP,JaccardSimilarity,0.0
AY,117,DP,CosineSimilarity,0
AY,77,T6,JaccardSimilarity,0.12254901960784313
AY,77,T6,CosineSimilarity,0.0818732697109244
AY,94,DP,JaccardSimilarity,0.0
AY,94,DP,CosineSimilarity,0
AY,63,DP,JaccardSimilarity,0.0
AY,63,DP,CosineSimilarity,0
AY,89,T1,JaccardSimilarity,0.016483516483516484
AY,89,T1,CosineSimilarity,0.006152027274424181
AY,107,T3,JaccardSimilarity,0.0427807486631016
AY,107,T3,CosineSimilarity,0.02102105087347511
AY,80,T6,JaccardSimilarity,0.12568306010928962
AY,80,T6,CosineSimilarity,0.09436071273974328
AY,84,T3,JaccardSimilarity,0.03636363636363636
AY,84,T3,CosineSimilarity,0.0283775962313592
AY,103,T6,JaccardSimilarity,0.19337016574585636
AY,103,T6,CosineSimilarity,0.1464945306975404
AY,41,T6,JaccardSimilarity,0.03389830508474576
AY,41,T6,CosineSimilarity,0.01670126960680799
AY,121,DP,JaccardSimilarity,0.0
AY,121,DP,CosineSimilarity,0
AY,34,T6,JaccardSimilarity,0.19117647058823528
AY,34,T6,CosineSimilarity,0.19493310719681678
AY,42,IP,JaccardSimilarity,0.0
AY,42,IP,CosineSimilarity,0
AY,30,T3,JaccardSimilarity,0.010582010582010581
AY,30,T3,CosineSimilarity,0.005800308033562008
AY,8,DP,JaccardSimilarity,0.0
AY,8,DP,CosineSimilarity,0
AY,39,T4,JaccardSimilarity,0.03597122302158273
AY,39,T4,CosineSimilarity,0.016704576431724197
AY,83,IP,JaccardSimilarity,0.0
AY,83,IP,CosineSimilarity,0
AY,16,DP,JaccardSimilarity,0.02158273381294964
AY,16,DP,CosineSimilarity,0.008187048500047173
AY,74,DP2,JaccardSimilarity,0.044585987261146494
AY,74,DP2,CosineSimilarity,0.02685678270086741
AY,33,T4,JaccardSimilarity,0.03333333333333333
AY,33,T4,CosineSimilarity,0.02733347234389857
AY,2,DP,JaccardSimilarity,0.0
AY,2,DP,CosineSimilarity,0
AY,89,IP,JaccardSimilarity,0.0
AY,89,IP,CosineSimilarity,0
AY,31,Pre,JaccardSimilarity,0.0
AY,31,Pre,CosineSimilarity,0
AY,83,T1,JaccardSimilarity,0.00641025641025641
AY,83,T1,CosineSimilarity,0.0045735521023885055
AY,104,T4,JaccardSimilarity,0.11494252873563218
AY,104,T4,CosineSimilarity,0.07372300319185843
AY,87,T4,JaccardSimilarity,0.06030150753768844
AY,87,T4,CosineSimilarity,0.04177336032569779
AY,93,Pre,JaccardSimilarity,0.0
AY,93,Pre,CosineSimilarity,0
AY,42,T1,JaccardSimilarity,0.011627906976744186
AY,42,T1,CosineSimilarity,0.008302150896993913
AY,135,T4,JaccardSimilarity,0.33962264150943394
AY,135,T4,CosineSimilarity,0.2610357937679687
AY,5,DP2,JaccardSimilarity,0.023121387283236993
AY,5,DP2,CosineSimilarity,0.007202838660051026
AY,77,T4,JaccardSimilarity,0.1134020618556701
AY,77,T4,CosineSimilarity,0.07667992870134141
AY,73,T1,JaccardSimilarity,0.07428571428571429
AY,73,T1,CosineSimilarity,0.056590892354675855
AY,34,DP2,JaccardSimilarity,0.027472527472527472
AY,34,DP2,CosineSimilarity,0.03279957101881471
AY,79,IP,JaccardSimilarity,0.0
AY,79,IP,CosineSimilarity,0
AY,71,Pre,JaccardSimilarity,0.0
AY,71,Pre,CosineSimilarity,0
AY,73,IP,JaccardSimilarity,0.03614457831325301
AY,73,IP,CosineSimilarity,0.017283065312396883
AY,132,T6,JaccardSimilarity,0.025906735751295335
AY,132,T6,CosineSimilarity,0.01649248186080329
AY,52,DP,JaccardSimilarity,0.0
AY,52,DP,CosineSimilarity,0
AY,136,T3,JaccardSimilarity,0.07096774193548387
AY,136,T3,CosineSimilarity,0.031584951104636314
AY,74,T3,JaccardSimilarity,0.04819277108433735
AY,74,T3,CosineSimilarity,0.019257335713059955
AY,79,T1,JaccardSimilarity,0.06766917293233082
AY,79,T1,CosineSimilarity,0.042843591716124015
AY,93,DP,JaccardSimilarity,0.0
AY,93,DP,CosineSimilarity,0
AY,130,IP,JaccardSimilarity,0.0
AY,130,IP,CosineSimilarity,0
AY,26,DP,JaccardSimilarity,0.0
AY,26,DP,CosineSimilarity,0
AY,103,Pre,JaccardSimilarity,0.0
AY,103,Pre,CosineSimilarity,0
AY,77,DP2,JaccardSimilarity,0.03664921465968586
AY,77,DP2,CosineSimilarity,0.02426026414401408
AY,72,IP,JaccardSimilarity,0.006944444444444444
AY,72,IP,CosineSimilarity,0.0018058796653226703
AY,111,DP,JaccardSimilarity,0.0
AY,111,DP,CosineSimilarity,0
AY,92,DP,JaccardSimilarity,0.005917159763313609
AY,92,DP,CosineSimilarity,0.007715882485669205
AY,71,T6,JaccardSimilarity,0.14367816091954022
AY,71,T6,CosineSimilarity,0.09762154980047798
AY,78,T1,JaccardSimilarity,0.04794520547945205
AY,78,T1,CosineSimilarity,0.03273791687071925
AY,133,T6,JaccardSimilarity,0.057971014492753624
AY,133,T6,CosineSimilarity,0.04246529872033612
AY,137,DP2,JaccardSimilarity,0.09714285714285714
AY,137,DP2,CosineSimilarity,0.07233598488467649
AY,137,T3,JaccardSimilarity,0.026881720430107527
AY,137,T3,CosineSimilarity,0.016472338470687575
AY,43,Pre,JaccardSimilarity,0.0
AY,43,Pre,CosineSimilarity,0
AY,53,DP,JaccardSimilarity,0.0
AY,53,DP,CosineSimilarity,0
AY,49,DP2,JaccardSimilarity,0.022099447513812154
AY,49,DP2,CosineSimilarity,0.014492848178755853
AY,76,T4,JaccardSimilarity,0.16230366492146597
AY,76,T4,CosineSimilarity,0.12714040270007174
AY,98,DP,JaccardSimilarity,0.0
AY,98,DP,CosineSimilarity,0
AY,72,T1,JaccardSimilarity,0.06666666666666667
AY,72,T1,CosineSimilarity,0.06990968852127703
AY,139,T6,JaccardSimilarity,0.1
AY,139,T6,CosineSimilarity,0.06319084633059477
AY,130,T1,JaccardSimilarity,0.06875
AY,130,T1,CosineSimilarity,0.05556798859125573
AY,3,Pre,JaccardSimilarity,0.0
AY,3,Pre,CosineSimilarity,0
AY,38,DP2,JaccardSimilarity,0.011428571428571429
AY,38,DP2,CosineSimilarity,0.005663645884489949
AY,78,IP,JaccardSimilarity,0.0
AY,78,IP,CosineSimilarity,0
AY,36,T1,JaccardSimilarity,0.061855670103092786
AY,36,T1,CosineSimilarity,0.03957421354138836
AY,49,IP,JaccardSimilarity,0.0
AY,49,IP,CosineSimilarity,0
AY,3,DP,JaccardSimilarity,0.0
AY,3,DP,CosineSimilarity,0
AY,6,DP2,JaccardSimilarity,0.017045454545454544
AY,6,DP2,CosineSimilarity,0.005162010772881572
AY,43,T1,JaccardSimilarity,0.06818181818181818
AY,43,T1,CosineSimilarity,0.02774769502504649
AY,47,T4,JaccardSimilarity,0.1907514450867052
AY,47,T4,CosineSimilarity,0.1716998414555855
AY,68,DP,JaccardSimilarity,0.0
AY,68,DP,CosineSimilarity,0
AY,108,T6,JaccardSimilarity,0.25925925925925924
AY,108,T6,CosineSimilarity,0.19863652050490452
AY,95,DP2,JaccardSimilarity,0.04950495049504951
AY,95,DP2,CosineSimilarity,0.025438779386100927
AY,86,T4,JaccardSimilarity,0.10795454545454546
AY,86,T4,CosineSimilarity,0.06208419368882414
AY,36,IP,JaccardSimilarity,0.0
AY,36,IP,CosineSimilarity,0
AY,49,T1,JaccardSimilarity,0.031446540880503145
AY,49,T1,CosineSimilarity,0.02884113775314801
AY,132,Pre,JaccardSimilarity,0.0
AY,132,Pre,CosineSimilarity,0
AY,106,T3,JaccardSimilarity,0.01775147928994083
AY,106,T3,CosineSimilarity,0.010023102854547385
AY,62,DP,JaccardSimilarity,0.0
AY,62,DP,CosineSimilarity,0
AY,85,T3,JaccardSimilarity,0.00546448087431694
AY,85,T3,CosineSimilarity,0.006176964330253805
AY,102,T6,JaccardSimilarity,0.19653179190751446
AY,102,T6,CosineSimilarity,0.156134969576818
AY,101,IP,JaccardSimilarity,0.0
AY,101,IP,CosineSimilarity,0
AY,43,IP,JaccardSimilarity,0.0
AY,43,IP,CosineSimilarity,0
AY,35,T6,JaccardSimilarity,0.06451612903225806
AY,35,T6,CosineSimilarity,0.031215151898052167
AY,72,Pre,JaccardSimilarity,0.0
AY,72,Pre,CosineSimilarity,0
AY,38,T4,JaccardSimilarity,0.03225806451612903
AY,38,T4,CosineSimilarity,0.0196896654396242
AY,106,DP2,JaccardSimilarity,0.0056179775280898875
AY,106,DP2,CosineSimilarity,0.004963906645872475
AY,31,T3,JaccardSimilarity,0.09883720930232558
AY,31,T3,CosineSimilarity,0.06912323391895464
AY,78,DP2,JaccardSimilarity,0.12179487179487179
AY,78,DP2,CosineSimilarity,0.09617459522950067
AY,137,IP,JaccardSimilarity,0.006172839506172839
AY,137,IP,CosineSimilarity,0.0018000220085603081
AY,21,DP,JaccardSimilarity,0.017045454545454544
AY,21,DP,CosineSimilarity,0.00730953574278727
AY,121,Pre,JaccardSimilarity,0.0
AY,121,Pre,CosineSimilarity,0
AY,55,DP2,JaccardSimilarity,0.043209876543209874
AY,55,DP2,CosineSimilarity,0.033283444038655616
AY,116,DP,JaccardSimilarity,0.0
AY,116,DP,CosineSimilarity,0
AY,72,T3,JaccardSimilarity,0.2483221476510067
AY,72,T3,CosineSimilarity,0.2742950670041233
AY,95,DP,JaccardSimilarity,0.00546448087431694
AY,95,DP,CosineSimilarity,0.0028127499434938896
AY,61,Pre,JaccardSimilarity,0.0
AY,61,Pre,CosineSimilarity,0
AY,76,T6,JaccardSimilarity,0.1774193548387097
AY,76,T6,CosineSimilarity,0.1252619787254747
AY,130,T3,JaccardSimilarity,0.10967741935483871
AY,130,T3,CosineSimilarity,0.12360515767073708
AY,139,T4,JaccardSimilarity,0.10784313725490197
AY,139,T4,CosineSimilarity,0.061713437327553584
AY,54,DP,JaccardSimilarity,0.006329113924050633
AY,54,DP,CosineSimilarity,0.0039034568074332097
AY,24,DP2,JaccardSimilarity,0.0111731843575419
AY,24,DP2,CosineSimilarity,0.0032723311950165505
AY,78,T3,JaccardSimilarity,0.15483870967741936
AY,78,T3,CosineSimilarity,0.1167946068910563
AY,71,T4,JaccardSimilarity,0.13372093023255813
AY,71,T4,CosineSimilarity,0.08173366385548235
AY,137,T1,JaccardSimilarity,0.011494252873563218
AY,137,T1,CosineSimilarity,0.0037652807436460954
AY,133,T4,JaccardSimilarity,0.03349282296650718
AY,133,T4,CosineSimilarity,0.01792053775565519
AY,86,DP2,JaccardSimilarity,0.047337278106508875
AY,86,DP2,CosineSimilarity,0.027461286556830233
AY,15,DP2,JaccardSimilarity,0.04020100502512563
AY,15,DP2,CosineSimilarity,0.024347593226265406
AY,83,Pre,JaccardSimilarity,0.0
AY,83,Pre,CosineSimilarity,0
AY,31,T1,JaccardSimilarity,0.038461538461538464
AY,31,T1,CosineSimilarity,0.041290253122029684
AY,38,T6,JaccardSimilarity,0.03684210526315789
AY,38,T6,CosineSimilarity,0.02296665734266246
AY,89,DP2,JaccardSimilarity,0.052083333333333336
AY,89,DP2,CosineSimilarity,0.032434153992238784
AY,35,T4,JaccardSimilarity,0.07303370786516854
AY,35,T4,CosineSimilarity,0.03760358613237384
AY,4,DP,JaccardSimilarity,0.0
AY,4,DP,CosineSimilarity,0
AY,49,T3,JaccardSimilarity,0.06666666666666667
AY,49,T3,CosineSimilarity,0.06204982376132741
AY,102,T4,JaccardSimilarity,0.0898876404494382
AY,102,T4,CosineSimilarity,0.06705653239803328
AY,85,T1,JaccardSimilarity,0.005917159763313609
AY,85,T1,CosineSimilarity,0.009649153507817964
AY,21,Pre,JaccardSimilarity,0.0
AY,21,Pre,CosineSimilarity,0
AY,106,T1,JaccardSimilarity,0.005988023952095809
AY,106,T1,CosineSimilarity,0.005395985674178339
AY,31,IP,JaccardSimilarity,0.0
AY,31,IP,CosineSimilarity,0
AY,47,T6,JaccardSimilarity,0.2976190476190476
AY,47,T6,CosineSimilarity,0.2680310557558257
AY,127,DP,JaccardSimilarity,0.0
AY,127,DP,CosineSimilarity,0
AY,43,T3,JaccardSimilarity,0.15104166666666666
AY,43,T3,CosineSimilarity,0.13654490456815524
AY,86,T6,JaccardSimilarity,0.20958083832335328
AY,86,T6,CosineSimilarity,0.16002443208387035
AY,101,T3,JaccardSimilarity,0.005649717514124294
AY,101,T3,CosineSimilarity,0.0019918419821427975
AY,108,T4,JaccardSimilarity,0.18840579710144928
AY,108,T4,CosineSimilarity,0.16223988624391145
AY,85,IP,JaccardSimilarity,0.005714285714285714
AY,85,IP,CosineSimilarity,0.001745258934113136
AY,124,DP2,JaccardSimilarity,0.018292682926829267
AY,124,DP2,CosineSimilarity,0.009074758673515633
AY,106,IP,JaccardSimilarity,0.0
AY,106,IP,CosineSimilarity,0
AY,36,T3,JaccardSimilarity,0.06735751295336788
AY,36,T3,CosineSimilarity,0.056657460471801355
AY,91,DP2,JaccardSimilarity,0.07106598984771574
AY,91,DP2,CosineSimilarity,0.04417429740839975
AY,8,Pre,JaccardSimilarity,0.0
AY,8,Pre,CosineSimilarity,0
AY,2,DP2,JaccardSimilarity,0.13872832369942195
AY,2,DP2,CosineSimilarity,0.08603119931922185
AY,72,T4,JaccardSimilarity,0.3424657534246575
AY,72,T4,CosineSimilarity,0.2933191328643977
AY,39,Pre,JaccardSimilarity,0.0
AY,39,Pre,CosineSimilarity,0
AY,76,T1,JaccardSimilarity,0.03389830508474576
AY,76,T1,CosineSimilarity,0.02552551236537318
AY,33,DP2,JaccardSimilarity,0.09913793103448276
AY,33,DP2,CosineSimilarity,0.09490341320352044
AY,139,T3,JaccardSimilarity,0.07692307692307693
AY,139,T3,CosineSimilarity,0.0645150273321356
AY,130,T4,JaccardSimilarity,0.1518987341772152
AY,130,T4,CosineSimilarity,0.15169528994123138
AY,108,Pre,JaccardSimilarity,0.0
AY,108,Pre,CosineSimilarity,0
AY,102,DP2,JaccardSimilarity,0.03954802259887006
AY,102,DP2,CosineSimilarity,0.04549511813056138
AY,71,T3,JaccardSimilarity,0.08670520231213873
AY,71,T3,CosineSimilarity,0.053787206659034165
AY,78,T4,JaccardSimilarity,0.21739130434782608
AY,78,T4,CosineSimilarity,0.1628480928870412
AY,76,Pre,JaccardSimilarity,0.00641025641025641
AY,76,Pre,CosineSimilarity,0.0037135578179212946
AY,137,T6,JaccardSimilarity,0.08108108108108109
AY,137,T6,CosineSimilarity,0.0587422710400434
AY,133,T3,JaccardSimilarity,0.010362694300518135
AY,133,T3,CosineSimilarity,0.005339228238653807
AY,136,Pre,JaccardSimilarity,0.0
AY,136,Pre,CosineSimilarity,0
AY,42,DP2,JaccardSimilarity,0.07222222222222222
AY,42,DP2,CosineSimilarity,0.052513707552043466
AY,76,IP,JaccardSimilarity,0.0
AY,76,IP,CosineSimilarity,0
AY,139,Pre,JaccardSimilarity,0.0
AY,139,Pre,CosineSimilarity,0
AY,13,DP,JaccardSimilarity,0.0
AY,13,DP,CosineSimilarity,0
AY,47,Pre,JaccardSimilarity,0.0
AY,47,Pre,CosineSimilarity,0
AY,86,IP,JaccardSimilarity,0.0
AY,86,IP,CosineSimilarity,0
AY,133,DP2,JaccardSimilarity,0.0
AY,133,DP2,CosineSimilarity,0
AY,38,T1,JaccardSimilarity,0.011363636363636364
AY,38,T1,CosineSimilarity,0.00416759332428978
AY,31,T6,JaccardSimilarity,0.13812154696132597
AY,31,T6,CosineSimilarity,0.10594859466689972
AY,47,IP,JaccardSimilarity,0.00641025641025641
AY,47,IP,CosineSimilarity,0.006571914148125527
AY,35,T3,JaccardSimilarity,0.0755813953488372
AY,35,T3,CosineSimilarity,0.05004169006900131
AY,124,DP,JaccardSimilarity,0.0
AY,124,DP,CosineSimilarity,0
AY,49,T4,JaccardSimilarity,0.033707865168539325
AY,49,T4,CosineSimilarity,0.020241952907379276
AY,73,DP2,JaccardSimilarity,0.14035087719298245
AY,73,DP2,CosineSimilarity,0.11610753429738838
AY,107,Pre,JaccardSimilarity,0.0
AY,107,Pre,CosineSimilarity,0
AY,85,T6,JaccardSimilarity,0.03553299492385787
AY,85,T6,CosineSimilarity,0.018821673954593172
AY,102,T3,JaccardSimilarity,0.05714285714285714
AY,102,T3,CosineSimilarity,0.046795473237853595
AY,79,Pre,JaccardSimilarity,0.0
AY,79,Pre,CosineSimilarity,0
AY,106,T6,JaccardSimilarity,0.043010752688172046
AY,106,T6,CosineSimilarity,0.036773209505898505
AY,38,IP,JaccardSimilarity,0.011976047904191617
AY,38,IP,CosineSimilarity,0.003171904061520678
AY,47,T1,JaccardSimilarity,0.023952095808383235
AY,47,T1,CosineSimilarity,0.02271001317161788
AY,43,T4,JaccardSimilarity,0.09345794392523364
AY,43,T4,CosineSimilarity,0.059764285176133206
AY,108,T3,JaccardSimilarity,0.2391304347826087
AY,108,T3,CosineSimilarity,0.19017119187709172
AY,101,T4,JaccardSimilarity,0.02976190476190476
AY,101,T4,CosineSimilarity,0.0313869519672477
AY,86,T1,JaccardSimilarity,0.013157894736842105
AY,86,T1,CosineSimilarity,0.003784316558109688
AY,36,Pre,JaccardSimilarity,0.0
AY,36,Pre,CosineSimilarity,0
AY,19,DP,JaccardSimilarity,0.0
AY,19,DP,CosineSimilarity,0
AY,7,Pre,JaccardSimilarity,0.0
AY,7,Pre,CosineSimilarity,0
AY,7,DP,JaccardSimilarity,0.0
AY,7,DP,CosineSimilarity,0
AY,36,T4,JaccardSimilarity,0.11
AY,36,T4,CosineSimilarity,0.09200293995688323
AY,94,Pre,JaccardSimilarity,0.0
AY,94,Pre,CosineSimilarity,0
AY,139,IP,JaccardSimilarity,0.0
AY,139,IP,CosineSimilarity,0
AY,25,Pre,JaccardSimilarity,0.0
AY,25,Pre,CosineSimilarity,0
AY,78,T6,JaccardSimilarity,0.25
AY,78,T6,CosineSimilarity,0.221530818318249
AY,71,T1,JaccardSimilarity,0.029239766081871343
AY,71,T1,CosineSimilarity,0.014154322715582111
AY,87,Pre,JaccardSimilarity,0.0
AY,87,Pre,CosineSimilarity,0
AY,133,T1,JaccardSimilarity,0.005154639175257732
AY,133,T1,CosineSimilarity,0.0018568081749570024
AY,137,T4,JaccardSimilarity,0.08620689655172414
AY,137,T4,CosineSimilarity,0.07525259860218245
AY,11,DP2,JaccardSimilarity,0.05641025641025641
AY,11,DP2,CosineSimilarity,0.023590235039463982
AY,112,DP,JaccardSimilarity,0.0
AY,112,DP,CosineSimilarity,0
AY,76,T3,JaccardSimilarity,0.17204301075268819
AY,76,T3,CosineSimilarity,0.13380639513051257
AY,91,DP,JaccardSimilarity,0.0
AY,91,DP,CosineSimilarity,0
AY,72,T6,JaccardSimilarity,0.41139240506329117
AY,72,T6,CosineSimilarity,0.3858119572311279
AY,130,T6,JaccardSimilarity,0.1746987951807229
AY,130,T6,CosineSimilarity,0.1554210726663208
AY,139,T1,JaccardSimilarity,0.02717391304347826
AY,139,T1,CosineSimilarity,0.022782296904603386
AY,54,Pre,JaccardSimilarity,0.0
AY,54,Pre,CosineSimilarity,0
AY,114,Pre,JaccardSimilarity,0.0
AY,114,Pre,CosineSimilarity,0
AY,133,IP,JaccardSimilarity,0.0
AY,133,IP,CosineSimilarity,0
AY,25,DP,JaccardSimilarity,0.0
AY,25,DP,CosineSimilarity,0
AY,71,IP,JaccardSimilarity,0.0
AY,71,IP,CosineSimilarity,0
AY,14,DP,JaccardSimilarity,0.0
AY,14,DP,CosineSimilarity,0
AY,102,IP,JaccardSimilarity,0.00625
AY,102,IP,CosineSimilarity,0.001803077310019298
AY,36,T6,JaccardSimilarity,0.20418848167539266
AY,36,T6,CosineSimilarity,0.17954104716570624
AY,111,DP2,JaccardSimilarity,0.017964071856287425
AY,111,DP2,CosineSimilarity,0.011774003672080667
AY,51,DP2,JaccardSimilarity,0.125
AY,51,DP2,CosineSimilarity,0.08761900520239226
AY,125,Pre,JaccardSimilarity,0.0
AY,125,Pre,CosineSimilarity,0
AY,43,T6,JaccardSimilarity,0.08333333333333333
AY,43,T6,CosineSimilarity,0.044528678495411915
AY,35,IP,JaccardSimilarity,0.0
AY,35,IP,CosineSimilarity,0
AY,123,DP,JaccardSimilarity,0.0
AY,123,DP,CosineSimilarity,0
AY,47,T3,JaccardSimilarity,0.03763440860215054
AY,47,T3,CosineSimilarity,0.027711646056772933
AY,61,DP,JaccardSimilarity,0.0
AY,61,DP,CosineSimilarity,0
AY,86,T3,JaccardSimilarity,0.09146341463414634
AY,86,T3,CosineSimilarity,0.0513791296704213
AY,101,T6,JaccardSimilarity,0.08791208791208792
AY,101,T6,CosineSimilarity,0.06917714980468156
AY,108,T1,JaccardSimilarity,0.10638297872340426
AY,108,T1,CosineSimilarity,0.060737567923123674
model,0,trigram.cex,JaccardSimilarity,1.0
model,0,trigram.cex,CosineSimilarity,1.0000000000000004
AY,49,T6,JaccardSimilarity,0.025380710659898477
AY,49,T6,CosineSimilarity,0.014978465478550616
AY,14,Pre,JaccardSimilarity,0.0
AY,14,Pre,CosineSimilarity,0
AY,106,T4,JaccardSimilarity,0.022857142857142857
AY,106,T4,CosineSimilarity,0.013512398651836434
AY,102,T1,JaccardSimilarity,0.04519774011299435
AY,102,T1,CosineSimilarity,0.03246615585906391
AY,85,T4,JaccardSimilarity,0.017241379310344827
AY,85,T4,CosineSimilarity,0.007812767820560724
AY,108,IP,JaccardSimilarity,0.0
AY,108,IP,CosineSimilarity,0
AY,35,T1,JaccardSimilarity,0.012422360248447204
AY,35,T1,CosineSimilarity,0.005797832606260851
AY,31,T4,JaccardSimilarity,0.13966480446927373
AY,31,T4,CosineSimilarity,0.09910582322093531
AY,38,T3,JaccardSimilarity,0.0374331550802139
AY,38,T3,CosineSimilarity,0.02074626704191246
AY,20,DP2,JaccardSimilarity,0.0718232044198895
AY,20,DP2,CosineSimilarity,0.04792880241030029
AY,42,DP,JaccardSimilarity,0.0
AY,42,DP,CosineSimilarity,0
AY,122,T6,JaccardSimilarity,0.032407407407407406
AY,122,T6,CosineSimilarity,0.01543626499903645
AY,8,IP,JaccardSimilarity,0.0
AY,8,IP,CosineSimilarity,0
AY,83,DP,JaccardSimilarity,0.0
AY,83,DP,CosineSimilarity,0
AY,16,IP,JaccardSimilarity,0.0
AY,16,IP,CosineSimilarity,0
AY,130,Pre,JaccardSimilarity,0.0
AY,130,Pre,CosineSimilarity,0
AY,63,IP,JaccardSimilarity,0.006666666666666667
AY,63,IP,CosineSimilarity,0.005043524948585374
AY,15,T6,JaccardSimilarity,0.0797872340425532
AY,15,T6,CosineSimilarity,0.06959869508888902
AY,11,T3,JaccardSimilarity,0.17318435754189945
AY,11,T3,CosineSimilarity,0.1237861104069166
AY,104,DP2,JaccardSimilarity,0.03409090909090909
AY,104,DP2,CosineSimilarity,0.023818416411043018
AY,18,T4,JaccardSimilarity,0.0603448275862069
AY,18,T4,CosineSimilarity,0.049704461981203346
AY,6,T4,JaccardSimilarity,0.04819277108433735
AY,6,T4,CosineSimilarity,0.02810317365434308
AY,2,T1,JaccardSimilarity,0.1111111111111111
AY,2,T1,CosineSimilarity,0.08709233967385191
AY,121,IP,JaccardSimilarity,0.0
AY,121,IP,CosineSimilarity,0
AY,35,DP2,JaccardSimilarity,0.03409090909090909
AY,35,DP2,CosineSimilarity,0.014377488316261835
AY,16,T1,JaccardSimilarity,0.1925925925925926
AY,16,T1,CosineSimilarity,0.16268278084021878
AY,5,T3,JaccardSimilarity,0.023121387283236993
AY,5,T3,CosineSimilarity,0.01129283967655477
AY,8,T1,JaccardSimilarity,0.012658227848101266
AY,8,T1,CosineSimilarity,0.00410727072876052
AY,1,T6,JaccardSimilarity,0.06091370558375635
AY,1,T6,CosineSimilarity,0.041146359938880286
AY,125,T4,JaccardSimilarity,0.13245033112582782
AY,125,T4,CosineSimilarity,0.10435473081808382
AY,121,T1,JaccardSimilarity,0.013513513513513514
AY,121,T1,CosineSimilarity,0.01276748713689143
AY,97,DP2,JaccardSimilarity,0.011049723756906077
AY,97,DP2,CosineSimilarity,0.0038570689659167875
AY,2,IP,JaccardSimilarity,0.0
AY,2,IP,CosineSimilarity,0
AY,4,DP2,JaccardSimilarity,0.02112676056338028
AY,4,DP2,CosineSimilarity,0.011270759780626319
AY,89,DP,JaccardSimilarity,0.006097560975609756
AY,89,DP,CosineSimilarity,0.004503941789655022
AY,63,T1,JaccardSimilarity,0.1643835616438356
AY,63,T1,CosineSimilarity,0.1211486821931857
AY,97,T4,JaccardSimilarity,0.03414634146341464
AY,97,T4,CosineSimilarity,0.01608384721042985
AY,1,Pre,JaccardSimilarity,0.0
AY,1,Pre,CosineSimilarity,0
AY,119,T6,JaccardSimilarity,0.20618556701030927
AY,119,T6,CosineSimilarity,0.1391954228733021
AY,114,T4,JaccardSimilarity,0.4620253164556962
AY,114,T4,CosineSimilarity,0.4075992309511722
AY,93,T1,JaccardSimilarity,0.030120481927710843
AY,93,T1,CosineSimilarity,0.015205496637326002
AY,79,DP,JaccardSimilarity,0.0
AY,79,DP,CosineSimilarity,0
AY,92,Pre,JaccardSimilarity,0.0
AY,92,Pre,CosineSimilarity,0
AY,56,T4,JaccardSimilarity,0.13253012048192772
AY,56,T4,CosineSimilarity,0.10028144858461081
AY,98,DP2,JaccardSimilarity,0.04
AY,98,DP2,CosineSimilarity,0.02431324239582259
AY,52,T1,JaccardSimilarity,0.088
AY,52,T1,CosineSimilarity,0.10347755860969272
AY,23,T4,JaccardSimilarity,0.1695906432748538
AY,23,T4,CosineSimilarity,0.15684493250572298
AY,30,Pre,JaccardSimilarity,0.0
AY,30,Pre,CosineSimilarity,0
AY,29,T4,JaccardSimilarity,0.031578947368421054
AY,29,T4,CosineSimilarity,0.01486297965566706
AY,24,T6,JaccardSimilarity,0.04864864864864865
AY,24,T6,CosineSimilarity,0.03839430159147705
AY,52,IP,JaccardSimilarity,0.0
AY,52,IP,CosineSimilarity,0
AY,93,IP,JaccardSimilarity,0.005952380952380952
AY,93,IP,CosineSimilarity,0.006336588058107921
AY,101,Pre,JaccardSimilarity,0.0
AY,101,Pre,CosineSimilarity,0
AY,94,T3,JaccardSimilarity,0.07792207792207792
AY,94,T3,CosineSimilarity,0.052376736960752276
AY,135,DP2,JaccardSimilarity,0.1702127659574468
AY,135,DP2,CosineSimilarity,0.17297634342819607
AY,41,Pre,JaccardSimilarity,0.0
AY,41,Pre,CosineSimilarity,0
AY,117,T3,JaccardSimilarity,0.03125
AY,117,T3,CosineSimilarity,0.012611867915157017
AY,73,DP,JaccardSimilarity,0.0
AY,73,DP,CosineSimilarity,0
AY,55,T3,JaccardSimilarity,0.11258278145695365
AY,55,T3,CosineSimilarity,0.06852094586382576
AY,51,T6,JaccardSimilarity,0.28735632183908044
AY,51,T6,CosineSimilarity,0.25814990775617463
AY,121,T3,JaccardSimilarity,0.006535947712418301
AY,121,T3,CosineSimilarity,0.0027598093222428494
AY,125,T6,JaccardSimilarity,0.16352201257861634
AY,125,T6,CosineSimilarity,0.16769986339129003
AY,112,Pre,JaccardSimilarity,0.0
AY,112,Pre,CosineSimilarity,0
AY,84,DP,JaccardSimilarity,0.0
AY,84,DP,CosineSimilarity,0
AY,11,IP,JaccardSimilarity,0.0
AY,11,IP,CosineSimilarity,0
AY,107,DP,JaccardSimilarity,0.005952380952380952
AY,107,DP,CosineSimilarity,0.0016950776724304513
AY,63,T3,JaccardSimilarity,0.1895424836601307
AY,63,T3,CosineSimilarity,0.14238896039687454
AY,16,T3,JaccardSimilarity,0.2682926829268293
AY,16,T3,CosineSimilarity,0.20345530226107633
AY,1,T4,JaccardSimilarity,0.06217616580310881
AY,1,T4,CosineSimilarity,0.0386983429658002
AY,30,DP,JaccardSimilarity,0.0
AY,30,DP,CosineSimilarity,0
AY,8,T3,JaccardSimilarity,0.023121387283236993
AY,8,T3,CosineSimilarity,0.009715493718110695
AY,52,Pre,JaccardSimilarity,0.0
AY,52,Pre,CosineSimilarity,0
AY,5,T1,JaccardSimilarity,0.006666666666666667
AY,5,T1,CosineSimilarity,0.003717132031246159
AY,18,T6,JaccardSimilarity,0.08298755186721991
AY,18,T6,CosineSimilarity,0.056988667573146405
AY,11,T1,JaccardSimilarity,0.06989247311827956
AY,11,T1,CosineSimilarity,0.04923884409662452
AY,15,T4,JaccardSimilarity,0.07692307692307693
AY,15,T4,CosineSimilarity,0.08388616565532254
AY,2,T3,JaccardSimilarity,0.2795031055900621
AY,2,T3,CosineSimilarity,0.24572359088164972
AY,6,T6,JaccardSimilarity,0.08045977011494253
AY,6,T6,CosineSimilarity,0.04656298093145686
AY,29,DP2,JaccardSimilarity,0.017341040462427744
AY,29,DP2,CosineSimilarity,0.009170202295460991
AY,122,T4,JaccardSimilarity,0.04326923076923077
AY,122,T4,CosineSimilarity,0.016389875307547597
AY,23,Pre,JaccardSimilarity,0.006622516556291391
AY,23,Pre,CosineSimilarity,0.002203270445771302
AY,5,IP,JaccardSimilarity,0.0
AY,5,IP,CosineSimilarity,0
AY,117,T1,JaccardSimilarity,0.03314917127071823
AY,117,T1,CosineSimilarity,0.014572310229583215
AY,94,T1,JaccardSimilarity,0.02
AY,94,T1,CosineSimilarity,0.018321820913351695
AY,26,DP2,JaccardSimilarity,0.02631578947368421
AY,26,DP2,CosineSimilarity,0.017397849286055513
AY,51,T4,JaccardSimilarity,0.25609756097560976
AY,51,T4,CosineSimilarity,0.2162924377136326
AY,55,T1,JaccardSimilarity,0.013157894736842105
AY,55,T1,CosineSimilarity,0.0037449310710338133
AY,18,DP2,JaccardSimilarity,0.03879310344827586
AY,18,DP2,CosineSimilarity,0.024182697044115235
AY,24,T4,JaccardSimilarity,0.034482758620689655
AY,24,T4,CosineSimilarity,0.036137901644573395
AY,29,T6,JaccardSimilarity,0.045454545454545456
AY,29,T6,CosineSimilarity,0.03993671153928818
AY,20,T1,JaccardSimilarity,0.0625
AY,20,T1,CosineSimilarity,0.04458406224792952
AY,84,DP2,JaccardSimilarity,0.06756756756756757
AY,84,DP2,CosineSimilarity,0.054941881251326166
AY,23,T6,JaccardSimilarity,0.16216216216216217
AY,23,T6,CosineSimilarity,0.12402071698765832
AY,55,IP,JaccardSimilarity,0.0
AY,55,IP,CosineSimilarity,0
AY,123,Pre,JaccardSimilarity,0.0
AY,123,Pre,CosineSimilarity,0
AY,117,IP,JaccardSimilarity,0.011560693641618497
AY,117,IP,CosineSimilarity,0.0036196726423218515
AY,94,IP,JaccardSimilarity,0.0
AY,94,IP,CosineSimilarity,0
AY,93,T3,JaccardSimilarity,0.06321839080459771
AY,93,T3,CosineSimilarity,0.044673845202617045
AY,114,T6,JaccardSimilarity,0.46107784431137727
AY,114,T6,CosineSimilarity,0.3729882526416203
AY,119,T4,JaccardSimilarity,0.17142857142857143
AY,119,T4,CosineSimilarity,0.12379234769893199
AY,97,T6,JaccardSimilarity,0.07655502392344497
AY,97,T6,CosineSimilarity,0.058184618237336415
AY,74,DP,JaccardSimilarity,0.0
AY,74,DP,CosineSimilarity,0
AY,136,DP,JaccardSimilarity,0.0
AY,136,DP,CosineSimilarity,0
AY,52,T3,JaccardSimilarity,0.1417910447761194
AY,52,T3,CosineSimilarity,0.1470346605525146
AY,117,DP2,JaccardSimilarity,0.043243243243243246
AY,117,DP2,CosineSimilarity,0.024926682420008287
AY,63,Pre,JaccardSimilarity,0.0
AY,63,Pre,CosineSimilarity,0
AY,56,T6,JaccardSimilarity,0.17964071856287425
AY,56,T6,CosineSimilarity,0.1630568756000684
AY,20,IP,JaccardSimilarity,0.006578947368421052
AY,20,IP,CosineSimilarity,0.005088657088161333
AY,121,T4,JaccardSimilarity,0.05844155844155844
AY,121,T4,CosineSimilarity,0.07134101745130662
AY,34,Pre,JaccardSimilarity,0.0
AY,34,Pre,CosineSimilarity,0
AY,125,T1,JaccardSimilarity,0.02040816326530612
AY,125,T1,CosineSimilarity,0.010900737396418643
AY,6,IP,JaccardSimilarity,0.0
AY,6,IP,CosineSimilarity,0
AY,18,IP,JaccardSimilarity,0.0
AY,18,IP,CosineSimilarity,0
AY,63,T4,JaccardSimilarity,0.2883435582822086
AY,63,T4,CosineSimilarity,0.21005285304277488
AY,16,T4,JaccardSimilarity,0.32051282051282054
AY,16,T4,CosineSimilarity,0.2430747399635186
AY,8,T4,JaccardSimilarity,0.05454545454545454
AY,8,T4,CosineSimilarity,0.022912493178282166
AY,39,DP,JaccardSimilarity,0.0
AY,39,DP,CosineSimilarity,0
AY,1,T3,JaccardSimilarity,0.09239130434782608
AY,1,T3,CosineSimilarity,0.06872935657347992
AY,5,T6,JaccardSimilarity,0.056818181818181816
AY,5,T6,CosineSimilarity,0.051872796198736984
AY,5,Pre,JaccardSimilarity,0.006493506493506494
AY,5,Pre,CosineSimilarity,0.001963172374086524
AY,11,T6,JaccardSimilarity,0.2471264367816092
AY,11,T6,CosineSimilarity,0.19235432620444112
AY,18,T1,JaccardSimilarity,0.046296296296296294
AY,18,T1,CosineSimilarity,0.036225954114438866
AY,15,T3,JaccardSimilarity,0.1165644171779141
AY,15,T3,CosineSimilarity,0.08641386372838382
AY,33,DP,JaccardSimilarity,0.005025125628140704
AY,33,DP,CosineSimilarity,0.001365204170557985
AY,2,T4,JaccardSimilarity,0.20809248554913296
AY,2,T4,CosineSimilarity,0.1672206081753904
AY,6,T1,JaccardSimilarity,0.0
AY,6,T1,CosineSimilarity,0
AY,125,IP,JaccardSimilarity,0.0
AY,125,IP,CosineSimilarity,0
AY,71,DP2,JaccardSimilarity,0.10559006211180125
AY,71,DP2,CosineSimilarity,0.06060140568039131
AY,122,T3,JaccardSimilarity,0.03271028037383177
AY,122,T3,CosineSimilarity,0.0152752084346497
AY,87,DP,JaccardSimilarity,0.005714285714285714
AY,87,DP,CosineSimilarity,0.0016372199623395287
AY,104,DP,JaccardSimilarity,0.0
AY,104,DP,CosineSimilarity,0
AY,117,T6,JaccardSimilarity,0.15053763440860216
AY,117,T6,CosineSimilarity,0.11369587836829746
AY,94,T6,JaccardSimilarity,0.05142857142857143
AY,94,T6,CosineSimilarity,0.03060655376231468
AY,77,DP,JaccardSimilarity,0.0
AY,77,DP,CosineSimilarity,0
AY,135,DP,JaccardSimilarity,0.0
AY,135,DP,CosineSimilarity,0
AY,51,T3,JaccardSimilarity,0.15950920245398773
AY,51,T3,CosineSimilarity,0.10997977251106583
AY,74,Pre,JaccardSimilarity,0.0
AY,74,Pre,CosineSimilarity,0
AY,23,IP,JaccardSimilarity,0.0
AY,23,IP,CosineSimilarity,0
AY,55,T6,JaccardSimilarity,0.07303370786516854
AY,55,T6,CosineSimilarity,0.04200502640412935
AY,24,T3,JaccardSimilarity,0.022727272727272728
AY,24,T3,CosineSimilarity,0.011169305689501795
AY,56,IP,JaccardSimilarity,0.0
AY,56,IP,CosineSimilarity,0
AY,20,T6,JaccardSimilarity,0.1348314606741573
AY,20,T6,CosineSimilarity,0.10143238361333122
AY,29,T1,JaccardSimilarity,0.023255813953488372
AY,29,T1,CosineSimilarity,0.007524654705492972
AY,114,IP,JaccardSimilarity,0.0
AY,114,IP,CosineSimilarity,0
AY,97,IP,JaccardSimilarity,0.005128205128205128
AY,97,IP,CosineSimilarity,0.0013675049432114292
AY,23,T1,JaccardSimilarity,0.045714285714285714
AY,23,T1,CosineSimilarity,0.02462481137757393
AY,93,DP2,JaccardSimilarity,0.0546448087431694
AY,93,DP2,CosineSimilarity,0.04617754837065902
AY,114,T1,JaccardSimilarity,0.13297872340425532
AY,114,T1,CosineSimilarity,0.11208976794972723
AY,93,T4,JaccardSimilarity,0.07865168539325842
AY,93,T4,CosineSimilarity,0.05350260341879865
AY,97,T1,JaccardSimilarity,0.02185792349726776
AY,97,T1,CosineSimilarity,0.009227620629248983
AY,119,T3,JaccardSimilarity,0.019704433497536946
AY,119,T3,CosineSimilarity,0.017957474449467502
AY,52,T4,JaccardSimilarity,0.1079136690647482
AY,52,T4,CosineSimilarity,0.09538374126744491
AY,56,T1,JaccardSimilarity,0.018072289156626505
AY,56,T1,CosineSimilarity,0.009503050991382288
AY,29,IP,JaccardSimilarity,0.0
AY,29,IP,CosineSimilarity,0
AY,31,DP2,JaccardSimilarity,0.00546448087431694
AY,31,DP2,CosineSimilarity,0.0014187541279933064
AY,80,DP2,JaccardSimilarity,0.05263157894736842
AY,80,DP2,CosineSimilarity,0.04861019389657585
AY,122,T1,JaccardSimilarity,0.023809523809523808
AY,122,T1,CosineSimilarity,0.012682384734881712
AY,1,IP,JaccardSimilarity,0.0
AY,1,IP,CosineSimilarity,0
AY,16,Pre,JaccardSimilarity,0.0
AY,16,Pre,CosineSimilarity,0
AY,15,T1,JaccardSimilarity,0.016483516483516484
AY,15,T1,CosineSimilarity,0.013412345705408828
AY,18,T3,JaccardSimilarity,0.060085836909871244
AY,18,T3,CosineSimilarity,0.05053726563198206
AY,11,T4,JaccardSimilarity,0.16847826086956522
AY,11,T4,CosineSimilarity,0.14562258938385494
AY,6,T3,JaccardSimilarity,0.012422360248447204
AY,6,T3,CosineSimilarity,0.003935154958054682
AY,2,T6,JaccardSimilarity,0.27485380116959063
AY,2,T6,CosineSimilarity,0.23186180327437553
AY,119,Pre,JaccardSimilarity,0.0
AY,119,Pre,CosineSimilarity,0
AY,16,T6,JaccardSimilarity,0.32679738562091504
AY,16,T6,CosineSimilarity,0.2702952689168622
AY,5,T4,JaccardSimilarity,0.040229885057471264
AY,5,T4,CosineSimilarity,0.021271646482517018
AY,34,DP,JaccardSimilarity,0.0
AY,34,DP,CosineSimilarity,0
AY,1,T1,JaccardSimilarity,0.03508771929824561
AY,1,T1,CosineSimilarity,0.01709895816323024
AY,8,T6,JaccardSimilarity,0.07272727272727272
AY,8,T6,CosineSimilarity,0.041720432755848226
AY,122,IP,JaccardSimilarity,0.005747126436781609
AY,122,IP,CosineSimilarity,0.013749067200890482
AY,125,T3,JaccardSimilarity,0.1357142857142857
AY,125,T3,CosineSimilarity,0.09291963790748049
AY,41,DP,JaccardSimilarity,0.0
AY,41,DP,CosineSimilarity,0
AY,121,T6,JaccardSimilarity,0.03571428571428571
AY,121,T6,CosineSimilarity,0.03619574802766187
AY,53,DP2,JaccardSimilarity,0.18435754189944134
AY,53,DP2,CosineSimilarity,0.15665602203220827
AY,127,Pre,JaccardSimilarity,0.0
AY,127,Pre,CosineSimilarity,0
AY,80,DP,JaccardSimilarity,0.0
AY,80,DP,CosineSimilarity,0
AY,63,T6,JaccardSimilarity,0.24157303370786518
AY,63,T6,CosineSimilarity,0.17684946427786913
AY,15,IP,JaccardSimilarity,0.0
AY,15,IP,CosineSimilarity,0
AY,103,DP,JaccardSimilarity,0.0
AY,103,DP,CosineSimilarity,0
AY,119,T1,JaccardSimilarity,0.010752688172043012
AY,119,T1,CosineSimilarity,0.009888017151503599
AY,97,T3,JaccardSimilarity,0.03296703296703297
AY,97,T3,CosineSimilarity,0.017294306101913667
AY,122,DP2,JaccardSimilarity,0.020942408376963352
AY,122,DP2,CosineSimilarity,0.01244974374209136
AY,56,Pre,JaccardSimilarity,0.0
AY,56,Pre,CosineSimilarity,0
AY,93,T6,JaccardSimilarity,0.07526881720430108
AY,93,T6,CosineSimilarity,0.048998512806546365
AY,114,T3,JaccardSimilarity,0.3902439024390244
AY,114,T3,CosineSimilarity,0.2772807917414747
AY,132,DP,JaccardSimilarity,0.0
AY,132,DP,CosineSimilarity,0
AY,56,T3,JaccardSimilarity,0.1111111111111111
AY,56,T3,CosineSimilarity,0.07763078969522477
AY,24,IP,JaccardSimilarity,0.0
AY,24,IP,CosineSimilarity,0
AY,52,T6,JaccardSimilarity,0.136986301369863
AY,52,T6,CosineSimilarity,0.15334551920770065
AY,23,T3,JaccardSimilarity,0.15294117647058825
AY,23,T3,CosineSimilarity,0.12631738325775527
AY,51,IP,JaccardSimilarity,0.0
AY,51,IP,CosineSimilarity,0
AY,116,Pre,JaccardSimilarity,0.0
AY,116,Pre,CosineSimilarity,0
AY,62,DP2,JaccardSimilarity,0.044444444444444446
AY,62,DP2,CosineSimilarity,0.029392008427506396
AY,68,Pre,JaccardSimilarity,0.008264462809917356
AY,68,Pre,CosineSimilarity,0.002941476935541429
AY,29,T3,JaccardSimilarity,0.01098901098901099
AY,29,T3,CosineSimilarity,0.0031916656118226843
AY,20,T4,JaccardSimilarity,0.09815950920245399
AY,20,T4,CosineSimilarity,0.06569324501131092
AY,24,T1,JaccardSimilarity,0.01875
AY,24,T1,CosineSimilarity,0.009500553148467547
AY,119,IP,JaccardSimilarity,0.005555555555555556
AY,119,IP,CosineSimilarity,0.008951647256147
AY,94,T4,JaccardSimilarity,0.03614457831325301
AY,94,T4,CosineSimilarity,0.02139555352604834
AY,19,Pre,JaccardSimilarity,0.0
AY,19,Pre,CosineSimilarity,0
AY,117,T4,JaccardSimilarity,0.06989247311827956
AY,117,T4,CosineSimilarity,0.042260545470829
AY,13,DP2,JaccardSimilarity,0.031446540880503145
AY,13,DP2,CosineSimilarity,0.022163231712628507
AY,55,T4,JaccardSimilarity,0.06666666666666667
AY,55,T4,CosineSimilarity,0.03821724166036696
AY,51,T1,JaccardSimilarity,0.047337278106508875
AY,51,T1,CosineSimilarity,0.021358950325611765
AY,85,Pre,JaccardSimilarity,0.0
AY,85,Pre,CosineSimilarity,0
AY,21,T4,JaccardSimilarity,0.2634730538922156
AY,21,T4,CosineSimilarity,0.283545168163788
AY,25,T1,JaccardSimilarity,0.027210884353741496
AY,25,T1,CosineSimilarity,0.03898597630934085
AY,21,DP2,JaccardSimilarity,0.21212121212121213
AY,21,DP2,CosineSimilarity,0.2084536619551575
AY,54,T4,JaccardSimilarity,0.026881720430107527
AY,54,T4,CosineSimilarity,0.009795125770887302
AY,139,DP,JaccardSimilarity,0.0
AY,139,DP,CosineSimilarity,0
AY,15,Pre,JaccardSimilarity,0.0
AY,15,Pre,CosineSimilarity,0
AY,95,T4,JaccardSimilarity,0.06486486486486487
AY,95,T4,CosineSimilarity,0.04252967282045761
AY,112,T1,JaccardSimilarity,0.006329113924050633
AY,112,T1,CosineSimilarity,0.0022474585659727543
AY,83,DP2,JaccardSimilarity,0.016483516483516484
AY,83,DP2,CosineSimilarity,0.00783569430614088
AY,98,T6,JaccardSimilarity,0.14925373134328357
AY,98,T6,CosineSimilarity,0.11292498694985059
AY,116,T4,JaccardSimilarity,0.05263157894736842
AY,116,T4,CosineSimilarity,0.029613914636677827
AY,91,T1,JaccardSimilarity,0.0273224043715847
AY,91,T1,CosineSimilarity,0.01511554969571053
AY,89,Pre,JaccardSimilarity,0.006211180124223602
AY,89,Pre,CosineSimilarity,0.005305417285584256
AY,124,Pre,JaccardSimilarity,0.0
AY,124,Pre,CosineSimilarity,0
AY,133,DP,JaccardSimilarity,0.0
AY,133,DP,CosineSimilarity,0
AY,53,T6,JaccardSimilarity,0.32335329341317365
AY,53,T6,CosineSimilarity,0.2741885997290261
AY,25,IP,JaccardSimilarity,0.006493506493506494
AY,25,IP,CosineSimilarity,0.0020648091263356693
AY,111,T6,JaccardSimilarity,0.024096385542168676
AY,111,T6,CosineSimilarity,0.027854064807831196
AY,71,DP,JaccardSimilarity,0.0
AY,71,DP,CosineSimilarity,0
AY,92,T6,JaccardSimilarity,0.040229885057471264
AY,92,T6,CosineSimilarity,0.01807085609248591
AY,112,IP,JaccardSimilarity,0.0
AY,112,IP,CosineSimilarity,0
AY,91,IP,JaccardSimilarity,0.0
AY,91,IP,CosineSimilarity,0
AY,26,T6,JaccardSimilarity,0.11538461538461539
AY,26,T6,CosineSimilarity,0.07946881478866401
AY,61,DP2,JaccardSimilarity,0.060240963855421686
AY,61,DP2,CosineSimilarity,0.03705185137356887
AY,35,DP,JaccardSimilarity,0.0
AY,35,DP,CosineSimilarity,0
AY,4,T4,JaccardSimilarity,0.04081632653061224
AY,4,T4,CosineSimilarity,0.021683144968807962
AY,123,IP,JaccardSimilarity,0.005263157894736842
AY,123,IP,CosineSimilarity,0.0014836035608607817
AY,61,IP,JaccardSimilarity,0.012903225806451613
AY,61,IP,CosineSimilarity,0.005035329152011259
AY,13,T3,JaccardSimilarity,0.03592814371257485
AY,13,T3,CosineSimilarity,0.01948735575193127
AY,14,IP,JaccardSimilarity,0.0
AY,14,IP,CosineSimilarity,0
AY,62,T6,JaccardSimilarity,0.2606060606060606
AY,62,T6,CosineSimilarity,0.16702059166969258
AY,102,DP,JaccardSimilarity,0.0
AY,102,DP,CosineSimilarity,0
AY,55,Pre,JaccardSimilarity,0.0
AY,55,Pre,CosineSimilarity,0
AY,124,T3,JaccardSimilarity,0.046511627906976744
AY,124,T3,CosineSimilarity,0.023584985655053525
AY,121,DP2,JaccardSimilarity,0.013333333333333334
AY,121,DP2,CosineSimilarity,0.012308720284652047
AY,68,T6,JaccardSimilarity,0.16049382716049382
AY,68,T6,CosineSimilarity,0.1782779909851852
AY,61,T1,JaccardSimilarity,0.0
AY,61,T1,CosineSimilarity,0
AY,108,DP,JaccardSimilarity,0.0064516129032258064
AY,108,DP,CosineSimilarity,0.0020191209145899755
AY,86,Pre,JaccardSimilarity,0.0
AY,86,Pre,CosineSimilarity,0
AY,127,T4,JaccardSimilarity,0.0658682634730539
AY,127,T4,CosineSimilarity,0.04230912931379737
AY,123,T1,JaccardSimilarity,0.05172413793103448
AY,123,T1,CosineSimilarity,0.03951869015632148
AY,24,Pre,JaccardSimilarity,0.0
AY,24,Pre,CosineSimilarity,0
AY,7,T3,JaccardSimilarity,0.06857142857142857
AY,7,T3,CosineSimilarity,0.037554537427004854
AY,3,T6,JaccardSimilarity,0.14646464646464646
AY,3,T6,CosineSimilarity,0.1026741477836545
AY,14,T1,JaccardSimilarity,0.0440251572327044
AY,14,T1,CosineSimilarity,0.027013765823083808
AY,19,T3,JaccardSimilarity,0.05389221556886228
AY,19,T3,CosineSimilarity,0.030214518788107943
AY,6,Pre,JaccardSimilarity,0.0
AY,6,Pre,CosineSimilarity,0
AY,26,T4,JaccardSimilarity,0.06451612903225806
AY,26,T4,CosineSimilarity,0.04032241899744772
AY,95,Pre,JaccardSimilarity,0.0
AY,95,Pre,CosineSimilarity,0
AY,53,T4,JaccardSimilarity,0.20930232558139536
AY,53,T4,CosineSimilarity,0.1881093225447976
AY,92,T4,JaccardSimilarity,0.04878048780487805
AY,92,T4,CosineSimilarity,0.028364354357211824
AY,111,T4,JaccardSimilarity,0.018072289156626505
AY,111,T4,CosineSimilarity,0.009746575010874585
AY,54,T6,JaccardSimilarity,0.09523809523809523
AY,54,T6,CosineSimilarity,0.0711965018384295
AY,106,Pre,JaccardSimilarity,0.0
AY,106,Pre,CosineSimilarity,0
AY,72,DP2,JaccardSimilarity,0.15625
AY,72,DP2,CosineSimilarity,0.14808617127418328
AY,91,T3,JaccardSimilarity,0.1951219512195122
AY,91,T3,CosineSimilarity,0.1608103694907253
AY,116,T6,JaccardSimilarity,0.058823529411764705
AY,116,T6,CosineSimilarity,0.03552638152295215
AY,98,T4,JaccardSimilarity,0.1340782122905028
AY,98,T4,CosineSimilarity,0.0889796303037427
AY,76,DP,JaccardSimilarity,0.005952380952380952
AY,76,DP,CosineSimilarity,0.002142535418210786
AY,78,Pre,JaccardSimilarity,0.0
AY,78,Pre,CosineSimilarity,0
AY,112,T3,JaccardSimilarity,0.025477707006369428
AY,112,T3,CosineSimilarity,0.010385996041590965
AY,95,T6,JaccardSimilarity,0.030927835051546393
AY,95,T6,CosineSimilarity,0.022424894221122565
AY,132,DP2,JaccardSimilarity,0.020833333333333332
AY,132,DP2,CosineSimilarity,0.017414131919264934
AY,25,T3,JaccardSimilarity,0.012422360248447204
AY,25,T3,CosineSimilarity,0.007759032187762541
AY,21,T6,JaccardSimilarity,0.2897727272727273
AY,21,T6,CosineSimilarity,0.2545443391050666
AY,3,T4,JaccardSimilarity,0.11734693877551021
AY,3,T4,CosineSimilarity,0.0728729779120543
AY,124,IP,JaccardSimilarity,0.006993006993006993
AY,124,IP,CosineSimilarity,0.005194431273813511
AY,7,T1,JaccardSimilarity,0.03614457831325301
AY,7,T1,CosineSimilarity,0.01766569809893359
AY,43,DP2,JaccardSimilarity,0.07303370786516854
AY,43,DP2,CosineSimilarity,0.06508068184915945
AY,137,Pre,JaccardSimilarity,0.0
AY,137,Pre,CosineSimilarity,0
AY,49,Pre,JaccardSimilarity,0.0
AY,49,Pre,CosineSimilarity,0
AY,19,T1,JaccardSimilarity,0.055944055944055944
AY,19,T1,CosineSimilarity,0.02641567884482476
AY,14,T3,JaccardSimilarity,0.07407407407407407
AY,14,T3,CosineSimilarity,0.05255370856707262
AY,13,IP,JaccardSimilarity,0.00684931506849315
AY,13,IP,CosineSimilarity,0.002877619391276344
AY,86,DP,JaccardSimilarity,0.0
AY,86,DP,CosineSimilarity,0
AY,77,Pre,JaccardSimilarity,0.0
AY,77,Pre,CosineSimilarity,0
AY,103,DP2,JaccardSimilarity,0.1130952380952381
AY,103,DP2,CosineSimilarity,0.08822953450599307
AY,61,T3,JaccardSimilarity,0.005747126436781609
AY,61,T3,CosineSimilarity,0.005185579353270978
AY,68,T4,JaccardSimilarity,0.10843373493975904
AY,68,T4,CosineSimilarity,0.10348491021839464
AY,47,DP,JaccardSimilarity,0.0
AY,47,DP,CosineSimilarity,0
AY,123,T3,JaccardSimilarity,0.10052910052910052
AY,123,T3,CosineSimilarity,0.06075851496076082
AY,127,T6,JaccardSimilarity,0.06111111111111111
AY,127,T6,CosineSimilarity,0.03826247076437626
AY,19,IP,JaccardSimilarity,0.0
AY,19,IP,CosineSimilarity,0
AY,38,Pre,JaccardSimilarity,0.0
AY,38,Pre,CosineSimilarity,0
AY,62,T4,JaccardSimilarity,0.05714285714285714
AY,62,T4,CosineSimilarity,0.04329904704432105
AY,7,IP,JaccardSimilarity,0.0
AY,7,IP,CosineSimilarity,0
AY,124,T1,JaccardSimilarity,0.0189873417721519
AY,124,T1,CosineSimilarity,0.007716769186453169
AY,38,DP,JaccardSimilarity,0.0
AY,38,DP,CosineSimilarity,0
AY,4,T6,JaccardSimilarity,0.04516129032258064
AY,4,T6,CosineSimilarity,0.030879141043145722
AY,13,T1,JaccardSimilarity,0.02666666666666667
AY,13,T1,CosineSimilarity,0.010095890918870077
AY,3,DP2,JaccardSimilarity,0.10101010101010101
AY,3,DP2,CosineSimilarity,0.0579175427725195
AY,116,IP,JaccardSimilarity,0.006802721088435374
AY,116,IP,CosineSimilarity,0.002527775156774285
AY,125,DP2,JaccardSimilarity,0.026845637583892617
AY,125,DP2,CosineSimilarity,0.016772772333282206
AY,51,Pre,JaccardSimilarity,0.0
AY,51,Pre,CosineSimilarity,0
AY,95,IP,JaccardSimilarity,0.0
AY,95,IP,CosineSimilarity,0
AY,26,T3,JaccardSimilarity,0.018404907975460124
AY,26,T3,CosineSimilarity,0.008074604210990289
AY,54,IP,JaccardSimilarity,0.006211180124223602
AY,54,IP,CosineSimilarity,0.0016832564066673842
AY,53,T3,JaccardSimilarity,0.12716763005780346
AY,53,T3,CosineSimilarity,0.10571399626770571
AY,137,DP,JaccardSimilarity,0.0
AY,137,DP,CosineSimilarity,0
AY,21,IP,JaccardSimilarity,0.0
AY,21,IP,CosineSimilarity,0
AY,92,T3,JaccardSimilarity,0.05521472392638037
AY,92,T3,CosineSimilarity,0.03210075265160159
AY,111,T3,JaccardSimilarity,0.012121212121212121
AY,111,T3,CosineSimilarity,0.005246310155766197
AY,111,Pre,JaccardSimilarity,0.0
AY,111,Pre,CosineSimilarity,0
AY,54,T1,JaccardSimilarity,0.0
AY,54,T1,CosineSimilarity,0
AY,98,T3,JaccardSimilarity,0.026737967914438502
AY,98,T3,CosineSimilarity,0.014880441832355793
AY,116,T1,JaccardSimilarity,0.0335195530726257
AY,116,T1,CosineSimilarity,0.021261224253967717
AY,91,T4,JaccardSimilarity,0.2422360248447205
AY,91,T4,CosineSimilarity,0.21653444848911405
AY,20,Pre,JaccardSimilarity,0.0
AY,20,Pre,CosineSimilarity,0
AY,95,T1,JaccardSimilarity,0.026041666666666668
AY,95,T1,CosineSimilarity,0.014080611500017477
AY,112,T4,JaccardSimilarity,0.016666666666666666
AY,112,T4,CosineSimilarity,0.007404601285425107
AY,14,DP2,JaccardSimilarity,0.07051282051282051
AY,14,DP2,CosineSimilarity,0.04029127462509831
AY,25,T4,JaccardSimilarity,0.023668639053254437
AY,25,T4,CosineSimilarity,0.015787161071742325
AY,21,T1,JaccardSimilarity,0.047337278106508875
AY,21,T1,CosineSimilarity,0.04029158174560037
AY,3,T3,JaccardSimilarity,0.0979381443298969
AY,3,T3,CosineSimilarity,0.058642739579413274
AY,87,DP2,JaccardSimilarity,0.010526315789473684
AY,87,DP2,CosineSimilarity,0.003847284240525795
AY,7,T6,JaccardSimilarity,0.3253012048192771
AY,7,T6,CosineSimilarity,0.32373624194353373
AY,11,Pre,JaccardSimilarity,0.0
AY,11,Pre,CosineSimilarity,0
AY,19,T6,JaccardSimilarity,0.054945054945054944
AY,19,T6,CosineSimilarity,0.027960127048579326
AY,14,T4,JaccardSimilarity,0.09937888198757763
AY,14,T4,CosineSimilarity,0.07170050061591215
AY,25,DP2,JaccardSimilarity,0.041176470588235294
AY,25,DP2,CosineSimilarity,0.05135375799869546
AY,68,T3,JaccardSimilarity,0.023952095808383235
AY,68,T3,CosineSimilarity,0.013135636265819033
AY,61,T4,JaccardSimilarity,0.06748466257668712
AY,61,T4,CosineSimilarity,0.04657717647470146
AY,123,T4,JaccardSimilarity,0.07075471698113207
AY,123,T4,CosineSimilarity,0.06562595996066693
AY,4,IP,JaccardSimilarity,0.0
AY,4,IP,CosineSimilarity,0
AY,127,T1,JaccardSimilarity,0.0
AY,127,T1,CosineSimilarity,0
AY,85,DP,JaccardSimilarity,0.0
AY,85,DP,CosineSimilarity,0
AY,114,DP2,JaccardSimilarity,0.15168539325842698
AY,114,DP2,CosineSimilarity,0.1447702719333184
AY,62,T3,JaccardSimilarity,0.03592814371257485
AY,62,T3,CosineSimilarity,0.04114672499394985
AY,106,DP,JaccardSimilarity,0.0
AY,106,DP,CosineSimilarity,0
AY,124,T6,JaccardSimilarity,0.03783783783783784
AY,124,T6,CosineSimilarity,0.02597099644297947
AY,31,DP,JaccardSimilarity,0.0
AY,31,DP,CosineSimilarity,0
AY,127,IP,JaccardSimilarity,0.0
AY,127,IP,CosineSimilarity,0
AY,4,T1,JaccardSimilarity,0.007936507936507936
AY,4,T1,CosineSimilarity,0.004302936612898838
AY,13,T6,JaccardSimilarity,0.07303370786516854
AY,13,T6,CosineSimilarity,0.07519634101231747
AY,54,DP2,JaccardSimilarity,0.010869565217391304
AY,54,DP2,CosineSimilarity,0.003727314034656263
AY,111,IP,JaccardSimilarity,0.0
AY,111,IP,CosineSimilarity,0
AY,92,IP,JaccardSimilarity,0.0
AY,92,IP,CosineSimilarity,0
AY,107,DP2,JaccardSimilarity,0.04395604395604396
AY,107,DP2,CosineSimilarity,0.027982953035766624
AY,21,T3,JaccardSimilarity,0.23780487804878048
AY,21,T3,CosineSimilarity,0.22183166494912473
AY,73,Pre,JaccardSimilarity,0.0
AY,73,Pre,CosineSimilarity,0
AY,53,IP,JaccardSimilarity,0.0
AY,53,IP,CosineSimilarity,0
AY,25,T6,JaccardSimilarity,0.17159763313609466
AY,25,T6,CosineSimilarity,0.1285754165839018
AY,79,DP2,JaccardSimilarity,0.0625
AY,79,DP2,CosineSimilarity,0.03982425516695745
AY,54,T3,JaccardSimilarity,0.029239766081871343
AY,54,T3,CosineSimilarity,0.010812191926926267
AY,139,DP2,JaccardSimilarity,0.07731958762886598
AY,139,DP2,CosineSimilarity,0.04976255058702884
AY,130,DP,JaccardSimilarity,0.0
AY,130,DP,CosineSimilarity,0
AY,26,IP,JaccardSimilarity,0.0
AY,26,IP,CosineSimilarity,0
AY,133,Pre,JaccardSimilarity,0.0
AY,133,Pre,CosineSimilarity,0
AY,47,DP2,JaccardSimilarity,0.07407407407407407
AY,47,DP2,CosineSimilarity,0.05106035989722849
AY,112,T6,JaccardSimilarity,0.03954802259887006
AY,112,T6,CosineSimilarity,0.023690839793155023
AY,95,T3,JaccardSimilarity,0.053475935828877004
AY,95,T3,CosineSimilarity,0.038311693811805055
AY,72,DP,JaccardSimilarity,0.006711409395973154
AY,72,DP,CosineSimilarity,0.0050401736722907094
AY,91,T6,JaccardSimilarity,0.1952662721893491
AY,91,T6,CosineSimilarity,0.1594232031368309
AY,116,T3,JaccardSimilarity,0.10059171597633136
AY,116,T3,CosineSimilarity,0.0663537646114124
AY,98,T1,JaccardSimilarity,0.01744186046511628
AY,98,T1,CosineSimilarity,0.010601457129268133
AY,7,DP2,JaccardSimilarity,0.09770114942528736
AY,7,DP2,CosineSimilarity,0.06558557922026668
AY,53,T1,JaccardSimilarity,0.06918238993710692
AY,53,T1,CosineSimilarity,0.0669965304485409
AY,94,DP2,JaccardSimilarity,0.011494252873563218
AY,94,DP2,CosineSimilarity,0.0034847675970585508
AY,111,T1,JaccardSimilarity,0.012987012987012988
AY,111,T1,CosineSimilarity,0.005140822736893948
AY,78,DP,JaccardSimilarity,0.0
AY,78,DP,CosineSimilarity,0
AY,92,T1,JaccardSimilarity,0.012987012987012988
AY,92,T1,CosineSimilarity,0.0046991139817444474
AY,98,IP,JaccardSimilarity,0.0
AY,98,IP,CosineSimilarity,0
AY,36,DP2,JaccardSimilarity,0.12365591397849462
AY,36,DP2,CosineSimilarity,0.11156484960105478
AY,26,T1,JaccardSimilarity,0.006756756756756757
AY,26,T1,CosineSimilarity,0.002474760911070822
AY,39,DP2,JaccardSimilarity,0.013986013986013986
AY,39,DP2,CosineSimilarity,0.005200209262160284
AY,33,Pre,JaccardSimilarity,0.0
AY,33,Pre,CosineSimilarity,0
AY,4,T3,JaccardSimilarity,0.020833333333333332
AY,4,T3,CosineSimilarity,0.009850083345808168
AY,68,IP,JaccardSimilarity,0.020134228187919462
AY,68,IP,CosineSimilarity,0.01135426564810509
AY,13,T4,JaccardSimilarity,0.04046242774566474
AY,13,T4,CosineSimilarity,0.03346147431677055
AY,91,Pre,JaccardSimilarity,0.0
AY,91,Pre,CosineSimilarity,0
AY,62,T1,JaccardSimilarity,0.03125
AY,62,T1,CosineSimilarity,0.02038815556151153
AY,8,DP2,JaccardSimilarity,0.012269938650306749
AY,8,DP2,CosineSimilarity,0.003429103565711771
AY,49,DP,JaccardSimilarity,0.0
AY,49,DP,CosineSimilarity,0
AY,124,T4,JaccardSimilarity,0.08108108108108109
AY,124,T4,CosineSimilarity,0.057899942868417084
AY,3,IP,JaccardSimilarity,0.005952380952380952
AY,3,IP,CosineSimilarity,0.0036357505021789934
AY,2,Pre,JaccardSimilarity,0.0
AY,2,Pre,CosineSimilarity,0
AY,61,T6,JaccardSimilarity,0.19875776397515527
AY,61,T6,CosineSimilarity,0.166832063091129
AY,68,T1,JaccardSimilarity,0.02702702702702703
AY,68,T1,CosineSimilarity,0.05781754936798102
AY,101,DP,JaccardSimilarity,0.005847953216374269
AY,101,DP,CosineSimilarity,0.003635234719669149
AY,43,DP,JaccardSimilarity,0.0
AY,43,DP,CosineSimilarity,0
AY,127,T3,JaccardSimilarity,0.018072289156626505
AY,127,T3,CosineSimilarity,0.015679937568707267
AY,42,Pre,JaccardSimilarity,0.0
AY,42,Pre,CosineSimilarity,0
AY,136,DP2,JaccardSimilarity,0.030864197530864196
AY,136,DP2,CosineSimilarity,0.023162359273475607
AY,123,T6,JaccardSimilarity,0.10047846889952153
AY,123,T6,CosineSimilarity,0.05917053265289067
AY,7,T4,JaccardSimilarity,0.15527950310559005
AY,7,T4,CosineSimilarity,0.10815971255657554
AY,36,DP,JaccardSimilarity,0.005714285714285714
AY,36,DP,CosineSimilarity,0.0038484780678884117
AY,108,DP2,JaccardSimilarity,0.11920529801324503
AY,108,DP2,CosineSimilarity,0.07042371723933838
AY,3,T1,JaccardSimilarity,0.04419889502762431
AY,3,T1,CosineSimilarity,0.032474680094266704
AY,76,DP2,JaccardSimilarity,0.06285714285714286
AY,76,DP2,CosineSimilarity,0.0484995265894887
AY,102,Pre,JaccardSimilarity,0.0
AY,102,Pre,CosineSimilarity,0
AY,14,T6,JaccardSimilarity,0.16265060240963855
AY,14,T6,CosineSimilarity,0.15122798098792956
AY,62,IP,JaccardSimilarity,0.0
AY,62,IP,CosineSimilarity,0
AY,19,T4,JaccardSimilarity,0.04945054945054945
AY,19,T4,CosineSimilarity,0.03126173469358288
